Okres;JPT_NAZWA_;Samobojstwa;Malzenstwa;Rozwody;Dochodnaosobe;Wynagrodzenie
2005;zachodniopomorskie;272;3294;3678;763;2326
2005;lubuskie;191;1790;2567;691;2186
2005;dolnośląskie;338;5632;7368;778;2494
2005;wielkopolskie;496;4716;4601;739;2306
2005;pomorskie;339;3725;4027;801;2554
2005;opolskie;163;1800;1848;796;2263
2005;kujawsko-pomorskie;327;3545;4274;664;2190
2005;śląskie;664;8493;9168;793;2624
2005;łódzkie;378;3753;5094;769;2225
2005;małopolskie;471;3992;4676;732;2344
2005;warmińsko-mazurskie;308;2456;3057;701;2148
2005;mazowieckie;628;7447;8514;938;3240
2005;świętokrzyskie;174;1577;893;621;2198
2005;podkarpackie;270;2599;2686;619;2108
2005;podlaskie;223;1603;2178;725;2229
2005;lubelskie;383;3227;2828;672;2186
2006;zachodniopomorskie;234;3903;4645;835;2454
2006;lubuskie;223;2146;2420;842;2307
2006;dolnośląskie;320;6335;7358;853;2664
2006;wielkopolskie;415;5485;5244;814;2452
2006;pomorskie;347;4558;4371;911;2712
2006;opolskie;181;2200;2091;795;2442
2006;kujawsko-pomorskie;251;3908;4295;771;2325
2006;śląskie;626;9985;10718;848;2774
2006;łódzkie;389;4316;5411;837;2339
2006;małopolskie;386;4623;4993;765;2496
2006;warmińsko-mazurskie;295;2628;3480;746;2250
2006;mazowieckie;504;8734;9755;1049;3431
2006;świętokrzyskie;187;1879;870;698;2317
2006;podkarpackie;265;3041;2301;647;2220
2006;podlaskie;184;1713;1853;816;2367
2006;lubelskie;345;3496;1917;725;2325
2007;zachodniopomorskie;221;4405;3703;904;2674
2007;lubuskie;190;2485;2122;914;2511
2007;dolnośląskie;282;7266;6681;951;2924
2007;wielkopolskie;428;6204;4947;890;2700
2007;pomorskie;267;5113;4499;1030;3016
2007;opolskie;148;2163;1870;916;2682
2007;kujawsko-pomorskie;251;4419;3978;898;2514
2007;śląskie;514;10720;9531;919;2997
2007;łódzkie;390;4488;4901;911;2536
2007;małopolskie;337;5012;4149;864;2741
2007;warmińsko-mazurskie;306;3184;3029;835;2454
2007;mazowieckie;477;9506;9064;1207;3720
2007;świętokrzyskie;139;2150;1126;776;2527
2007;podkarpackie;198;3258;2214;701;2423
2007;podlaskie;215;1893;2045;884;2607
2007;lubelskie;295;3795;2319;792;2542
2008;zachodniopomorskie;226;4598;3784;1049;2974
2008;lubuskie;201;2537;2232;1059;2748
2008;dolnośląskie;311;7375;6250;1119;3225
2008;wielkopolskie;367;6804;5677;1019;2976
2008;pomorskie;287;5324;4096;1102;3278
2008;opolskie;157;2267;1694;1080;2978
2008;kujawsko-pomorskie;323;4754;3606;950;2761
2008;śląskie;536;11219;9711;1041;3347
2008;łódzkie;379;4897;4298;1013;2822
2008;małopolskie;369;5227;4362;1001;3020
2008;warmińsko-mazurskie;361;3384;2805;979;2692
2008;mazowieckie;701;9823;9165;1336;4105
2008;świętokrzyskie;135;2097;1259;878;2823
2008;podkarpackie;239;3150;2290;791;2680
2008;podlaskie;247;2112;1837;935;2853
2008;lubelskie;398;3722;1939;881;2825
2009;zachodniopomorskie;238;4753;3804;1140;3126
2009;lubuskie;285;2485;1968;1103;2899
2009;dolnośląskie;295;7221;6527;1174;3386
2009;wielkopolskie;451;6635;5057;1097;3099
2009;pomorskie;341;5233;4145;1164;3419
2009;opolskie;185;2254;1762;1082;3111
2009;kujawsko-pomorskie;333;4694;3896;1015;2907
2009;śląskie;712;11075;8661;1114;3486
2009;łódzkie;471;4854;4929;1115;2977
2009;małopolskie;463;5420;4095;1042;3159
2009;warmińsko-mazurskie;395;3364;2840;1084;2830
2009;mazowieckie;706;9934;9003;1439;4340
2009;świętokrzyskie;155;2043;1041;938;2975
2009;podkarpackie;242;3163;2273;835;2822
2009;podlaskie;251;1994;2040;1019;2984
2009;lubelskie;390;3638;2814;909;2962
2010;zachodniopomorskie;206;4261;3314;1187;3242
2010;lubuskie;183;2377;1937;1153;3018
2010;dolnośląskie;266;6725;5797;1239;3517
2010;wielkopolskie;374;6267;4926;1126;3252
2010;pomorskie;268;4690;3661;1243;3500
2010;opolskie;186;2102;1516;1116;3209
2010;kujawsko-pomorskie;291;4172;4000;1158;3017
2010;śląskie;698;10015;8522;1168;3634
2010;łódzkie;440;4500;4267;1179;3157
2010;małopolskie;467;5106;3621;1108;3300
2010;warmińsko-mazurskie;373;3032;2899;1103;2977
2010;mazowieckie;651;9236;8314;1602;4421
2010;świętokrzyskie;208;2027;1536;1026;3098
2010;podkarpackie;252;2999;2087;907;2970
2010;podlaskie;234;1889;1937;1103;3135
2010;lubelskie;359;3430;2483;978;3137
2011;zachodniopomorskie;245;4005;3657;1231;3371
2011;lubuskie;214;2313;2103;1190;3167
2011;dolnośląskie;241;6879;5942;1283;3678
2011;wielkopolskie;326;6209;5353;1135;3400
2011;pomorskie;260;4765;3958;1287;3675
2011;opolskie;141;2017;1705;1182;3372
2011;kujawsko-pomorskie;330;4259;4029;1109;3168
2011;śląskie;695;9830;8329;1215;3836
2011;łódzkie;436;4213;4055;1203;3345
2011;małopolskie;439;4955;4941;1157;3479
2011;warmińsko-mazurskie;336;3119;2887;1097;3108
2011;mazowieckie;559;9307;8712;1623;4627
2011;świętokrzyskie;172;2008;1310;1063;3242
2011;podkarpackie;197;3081;2371;938;3121
2011;podlaskie;220;2001;1883;1225;3277
2011;lubelskie;313;3457;2806;1026;3323
2012;zachodniopomorskie;229;4168;3293;1264;3511
2012;lubuskie;248;2554;2006;1231;3276
2012;dolnośląskie;262;7311;5792;1367;3788
2012;wielkopolskie;294;6407;5696;1153;3524
2012;pomorskie;247;4879;3098;1351;3794
2012;opolskie;148;2095;1656;1294;3440
2012;kujawsko-pomorskie;348;4461;3916;1134;3285
2012;śląskie;612;9807;8493;1279;3999
2012;łódzkie;511;4392;4512;1268;3485
2012;małopolskie;468;4792;4817;1190;3579
2012;warmińsko-mazurskie;346;3248;2779;1110;3234
2012;mazowieckie;735;9164;8757;1710;4696
2012;świętokrzyskie;576;1977;1991;1120;3371
2012;podkarpackie;233;2919;2228;959;3237
2012;podlaskie;232;1960;1756;1242;3401
2012;lubelskie;302;3319;3098;1056;3448
2013;zachodniopomorskie;416;3804;3293;1256;3633
2013;lubuskie;265;2213;1960;1238;3382
2013;dolnośląskie;563;6221;5939;1345;3944
2013;wielkopolskie;504;5666;5744;1207;3623
2013;pomorskie;399;4241;3955;1434;3932
2013;opolskie;218;1921;1630;1199;3569
2013;kujawsko-pomorskie;303;3887;4201;1169;3420
2013;śląskie;1149;8906;8602;1319;4096
2013;łódzkie;699;3939;4417;1296;3609
2013;małopolskie;752;4667;3989;1228;3692
2013;warmińsko-mazurskie;461;2731;2789;1109;3332
2013;mazowieckie;1252;8347;9110;1690;4812
2013;świętokrzyskie;725;1817;1383;1153;3440
2013;podkarpackie;327;2763;2332;998;3371
2013;podlaskie;283;1733;1997;1258;3496
2013;lubelskie;474;2948;4130;1106;3561
2014;zachodniopomorskie;457;4207;3342;1365;3754
2014;lubuskie;241;2395;2116;1285;3514
2014;dolnośląskie;683;6763;5786;1366;4120
2014;wielkopolskie;601;6072;5892;1269;3701
2014;pomorskie;449;4698;3211;1376;4100
2014;opolskie;228;1999;1676;1245;3722
2014;kujawsko-pomorskie;326;4129;4303;1202;3530
2014;śląskie;1407;9584;8230;1382;4189
2014;łódzkie;893;4093;4396;1293;3735
2014;małopolskie;1004;4853;4404;1261;3820
2014;warmińsko-mazurskie;627;2978;2690;1230;3472
2014;mazowieckie;1437;8680;9761;1704;4981
2014;świętokrzyskie;839;1765;1913;1200;3535
2014;podkarpackie;425;2888;2322;1053;3497
2014;podlaskie;358;1899;1905;1259;3620
2014;lubelskie;532;3260;3175;1208;3659
2015;zachodniopomorskie;435;4252;3238;1427;3898
2015;lubuskie;278;2509;2087;1420;3638
2015;dolnośląskie;619;6769;5514;1472;4283
2015;wielkopolskie;574;6270;5877;1288;3797
2015;pomorskie;470;4985;4719;1381;4262
2015;opolskie;235;1967;1678;1289;3863
2015;kujawsko-pomorskie;344;4221;4097;1246;3647
2015;śląskie;1511;9564;8249;1421;4292
2015;łódzkie;906;4198;3806;1362;3872
2015;małopolskie;898;4849;4780;1305;4020
2015;warmińsko-mazurskie;589;2888;2749;1281;3595
2015;mazowieckie;1352;9022;9859;1756;5135
2015;świętokrzyskie;793;1842;1777;1203;3688
2015;podkarpackie;466;2908;2646;1082;3607
2015;podlaskie;310;1762;1975;1258;3733
2015;lubelskie;502;3367;3432;1227;3765
2016;zachodniopomorskie;415;4196;3130;1483;4076
2016;lubuskie;284;2414;1885;1499;3823
2016;dolnośląskie;608;6764;5077;1586;4456
2016;wielkopolskie;549;6572;6082;1400;3976
2016;pomorskie;461;4984;3851;1560;4411
2016;opolskie;244;1960;1435;1390;4016
2016;kujawsko-pomorskie;351;4139;3743;1309;3765
2016;śląskie;1436;9394;8185;1513;4355
2016;łódzkie;1003;4271;4086;1458;4008
2016;małopolskie;1029;5117;4641;1423;4179
2016;warmińsko-mazurskie;483;2833;2661;1372;3729
2016;mazowieckie;1228;9265;8569;1781;5301
2016;świętokrzyskie;670;1812;1799;1306;3796
2016;podkarpackie;441;2878;2506;1134;3750
2016;podlaskie;389;1792;1815;1420;3872
2016;lubelskie;465;3180;3129;1299;3917
2017;zachodniopomorskie;466;4302;3349;1653;4274
2017;lubuskie;288;2452;1843;1591;4036
2017;dolnośląskie;782;6802;5946;1626;4722
2017;wielkopolskie;678;6559;5933;1607;4231
2017;pomorskie;587;5172;3734;1649;4631
2017;opolskie;234;1877;1592;1511;4229
2017;kujawsko-pomorskie;385;4205;3877;1457;4001
2017;śląskie;1667;9380;8014;1646;4557
2017;łódzkie;1267;4349;4420;1566;4219
2017;małopolskie;1023;5191;4330;1492;4455
2017;warmińsko-mazurskie;563;2906;2820;1496;3896
2017;mazowieckie;1253;9992;9040;1912;5568
2017;świętokrzyskie;610;1813;1788;1433;4007
2017;podkarpackie;580;2846;2467;1254;3920
2017;podlaskie;348;1723;1812;1586;4102
2017;lubelskie;557;3035;3347;1437;4080
2018;zachodniopomorskie;421;4396;3268;1722;4539
2018;lubuskie;294;2534;1628;1665;4349
2018;dolnośląskie;859;7114;5600;1756;4994
2018;wielkopolskie;706;6602;5787;1630;4507
2018;pomorskie;569;5131;3559;1738;4920
2018;opolskie;210;2024;1510;1589;4477
2018;kujawsko-pomorskie;413;4247;3261;1611;4264
2018;śląskie;1686;9608;8152;1757;4907
2018;łódzkie;1240;4353;3605;1620;4538
2018;małopolskie;1033;5243;4387;1628;4761
2018;warmińsko-mazurskie;546;2877;2494;1555;4129
2018;mazowieckie;1143;9835;9489;2032;5938
2018;świętokrzyskie;517;1834;1725;1550;4281
2018;podkarpackie;592;2818;2477;1347;4190
2018;podlaskie;346;1685;1746;1597;4355
2018;lubelskie;612;3068;3119;1528;4327
2019;zachodniopomorskie;526;4381;3141;1801;4882
2019;lubuskie;369;2442;1770;1794;4632
2019;dolnośląskie;1096;7272;6058;1955;5388
2019;wielkopolskie;747;6918;5809;1807;4819
2019;pomorskie;675;5325;3303;1860;5292
2019;opolskie;215;1874;1583;1687;4800
2019;kujawsko-pomorskie;401;4195;3759;1771;4621
2019;śląskie;1620;9733;7965;1897;5262
2019;łódzkie;1252;4390;4859;1810;4883
2019;małopolskie;1075;5404;4708;1773;5208
2019;warmińsko-mazurskie;611;2918;2699;1597;4411
2019;mazowieckie;1184;10260;9181;2108;6270
2019;świętokrzyskie;512;1686;1462;1626;4584
2019;podkarpackie;545;2716;2568;1471;4487
2019;podlaskie;461;1673;2086;1742;4665
2019;lubelskie;667;2971;3404;1557;4628
2020;zachodniopomorskie;529;3927;2385;1862;5200
2020;lubuskie;315;2091;1145;1971;4876
2020;dolnośląskie;984;6474;4995;2031;5712
2020;wielkopolskie;746;6226;4108;1789;5056
2020;pomorskie;724;4726;2924;1799;5585
2020;opolskie;194;1712;1089;1711;5130
2020;kujawsko-pomorskie;396;3788;3416;1845;4934
2020;śląskie;1709;8654;6114;2050;5509
2020;łódzkie;1263;4036;3123;1872;5209
2020;małopolskie;1148;5089;3833;1915;5577
2020;warmińsko-mazurskie;566;2527;1884;1884;4763
2020;mazowieckie;1187;9425;8087;2241;6562
2020;świętokrzyskie;533;1608;1367;1727;4862
2020;podkarpackie;580;2499;2024;1589;4770
2020;podlaskie;498;1528;1400;1948;5004
2020;lubelskie;626;2955;2662;1679;4948
2021;zachodniopomorskie;594;4507;3184;2029;5671
2021;lubuskie;333;2585;1557;2127;5373
2021;dolnośląskie;1034;7764;5023;2213;6271
2021;wielkopolskie;806;7342;5467;1881;5479
2021;pomorskie;1675;5743;3935;1836;6105
2021;opolskie;226;1860;1335;1691;5602
2021;kujawsko-pomorskie;448;4388;3783;1932;5424
2021;śląskie;1806;9931;7463;2180;5967
2021;łódzkie;1351;4678;3284;2086;5739
2021;małopolskie;1217;5861;4416;2039;6108
2021;warmińsko-mazurskie;585;2936;2376;2069;5231
2021;mazowieckie;1203;10912;9087;2450;7089
2021;świętokrzyskie;528;1789;1669;1865;5319
2021;podkarpackie;631;2764;2544;1704;5241
2021;podlaskie;542;1733;1596;2005;5486
2021;lubelskie;726;3219;3194;1907;5404
2022;zachodniopomorskie;602;4504;3317;2342;6261
2022;lubuskie;313;2552;1502;2252;6072
2022;dolnośląskie;1001;7739;5213;2293;6964
2022;wielkopolskie;827;7390;4747;2074;6109
2022;pomorskie;1754;5766;3819;2020;6847
2022;opolskie;267;1768;1371;1910;6252
2022;kujawsko-pomorskie;510;4354;3477;2140;6006
2022;śląskie;1951;9464;7313;2378;6770
2022;łódzkie;1426;4474;4137;2281;6312
2022;małopolskie;1298;5712;4163;2237;6906
2022;warmińsko-mazurskie;624;2957;2434;2102;5699
2022;mazowieckie;1263;10827;9241;2686;7909
2022;świętokrzyskie;515;1665;1533;1983;5833
2022;podkarpackie;695;2574;2417;1829;5761
2022;podlaskie;583;1650;1618;2355;6058
2022;lubelskie;791;3009;3031;2088;5962
2023;zachodniopomorskie;682;4418;2616;2801;7060
2023;lubuskie;307;2493;1364;2746;6884
2023;dolnośląskie;1058;8054;4720;2740;7831
2023;wielkopolskie;988;7557;5037;2495;6856
2023;pomorskie;1811;5765;3471;2292;7598
2023;opolskie;278;1764;1287;0;7087
2023;kujawsko-pomorskie;537;4412;3251;2534;6808
2023;śląskie;2120;9487;7144;2892;7652
2023;łódzkie;1490;4716;3765;2555;7133
2023;małopolskie;1205;5809;4078;2790;7782
2023;warmińsko-mazurskie;629;2880;2226;2428;6527
2023;mazowieckie;1328;11357;8709;3209;8837
2023;świętokrzyskie;565;1596;1344;2419;6563
2023;podkarpackie;653;2542;2263;2281;6485
2023;podlaskie;602;1622;1713;2681;6841
2023;lubelskie;772;2995;3052;2461;6763
